{
  "id": "f779f0c8-59d5-11e8-9273-76810f357bc9",
  "name": "Microservice App",
  "key": "microservice-app",
  "description": "",
  "editorJson": {
    "models": [
      {
        "id": "e974e7b0-5aa0-11e8-ad53-d20edfa6e0c9",
        "name": "Client Update Review Process",
        "version": 1,
        "modelType": 0,
        "description": "",
        "stencilSetId": null,
        "createdBy": "admin",
        "lastUpdatedBy": "admin",
        "lastUpdated": "2018-05-21T12:19:37.627+0000"
      }
    ],
    "theme": "theme-1",
    "icon": "glyphicon-asterisk"
  }
}