{
  "id": "e974e7b0-5aa0-11e8-ad53-d20edfa6e0c9",
  "name": "Client Update Review Process",
  "key": "client-update-review-process",
  "description": "",
  "editorJson": {
    "modelId": "e974e7b0-5aa0-11e8-ad53-d20edfa6e0c9",
    "bounds": {
      "lowerRight": {
        "x": 1200,
        "y": 1050
      },
      "upperLeft": {
        "x": 0,
        "y": 0
      }
    },
    "properties": {
      "process_id": "client-update-review-process",
      "name": "Client Update Review Process",
      "documentation": "",
      "process_author": "",
      "process_version": "",
      "process_namespace": "http://www.flowable.org/processdef",
      "process_historylevel": "",
      "isexecutable": true,
      "dataproperties": "",
      "executionlisteners": "",
      "eventlisteners": "",
      "signaldefinitions": "",
      "messagedefinitions": "",
      "process_potentialstarteruser": "",
      "process_potentialstartergroup": "",
      "iseagerexecutionfetch": "false"
    },
    "childShapes": [
      {
        "resourceId": "startEvent1",
        "properties": {
          "overrideid": "",
          "name": "",
          "documentation": "",
          "executionlisteners": "",
          "initiator": "",
          "formkeydefinition": "",
          "formreference": "",
          "formproperties": ""
        },
        "stencil": {
          "id": "StartNoneEvent"
        },
        "childShapes": [],
        "outgoing": [
          {
            "resourceId": "sid-967D937A-5676-4C4A-A0D1-358A6ABD7BB3"
          }
        ],
        "bounds": {
          "lowerRight": {
            "x": 60,
            "y": 355.5
          },
          "upperLeft": {
            "x": 30,
            "y": 325.5
          }
        },
        "dockers": []
      },
      {
        "resourceId": "sid-CC9D3AE0-55CC-49D4-BFCE-C5FA15DB5CD1",
        "properties": {
          "overrideid": "",
          "name": "",
          "documentation": "",
          "executionlisteners": ""
        },
        "stencil": {
          "id": "EndNoneEvent"
        },
        "childShapes": [],
        "outgoing": [],
        "bounds": {
          "lowerRight": {
            "x": 803.8270463621491,
            "y": 238
          },
          "upperLeft": {
            "x": 775.8270463621491,
            "y": 210
          }
        },
        "dockers": []
      },
      {
        "resourceId": "sid-29966534-081A-4B5A-9E1C-02D4BDDE24A4",
        "properties": {
          "overrideid": "",
          "name": "",
          "documentation": "",
          "asynchronousdefinition": "false",
          "exclusivedefinition": "false",
          "dataproperties": "",
          "executionlisteners": "",
          "multiinstance_type": "None",
          "multiinstance_cardinality": "",
          "multiinstance_collection": "",
          "multiinstance_variable": "",
          "multiinstance_condition": "",
          "istransaction": "false"
        },
        "stencil": {
          "id": "SubProcess"
        },
        "childShapes": [
          {
            "resourceId": "sid-874DA17A-573E-4258-AB8A-C9028E5DE2E4",
            "properties": {
              "overrideid": "client-approved",
              "name": "",
              "documentation": "",
              "executionlisteners": "",
              "signalref": ""
            },
            "stencil": {
              "id": "CatchSignalEvent"
            },
            "childShapes": [],
            "outgoing": [
              {
                "resourceId": "sid-3C3E088C-D693-4AA3-9ABD-6A1779861B89"
              }
            ],
            "bounds": {
              "lowerRight": {
                "x": 170,
                "y": 60
              },
              "upperLeft": {
                "x": 140,
                "y": 30
              }
            },
            "dockers": [
              {
                "x": 155,
                "y": 45
              }
            ]
          },
          {
            "resourceId": "sid-51706E92-2FD1-440E-8426-757724E11D82",
            "properties": {
              "overrideid": "",
              "name": "",
              "documentation": "",
              "asynchronousdefinition": "false",
              "exclusivedefinition": "false",
              "sequencefloworder": ""
            },
            "stencil": {
              "id": "ParallelGateway"
            },
            "childShapes": [],
            "outgoing": [
              {
                "resourceId": "sid-B0F4415E-2808-4A3B-B809-07BC8F6D8191"
              },
              {
                "resourceId": "sid-21A2C777-0D48-4760-9CC6-B9A456733BCD"
              }
            ],
            "bounds": {
              "lowerRight": {
                "x": 135,
                "y": 123.5
              },
              "upperLeft": {
                "x": 95,
                "y": 83.5
              }
            },
            "dockers": []
          },
          {
            "resourceId": "sid-0A9C5DA9-3FF7-4DAF-A4D6-2F35E960ED45",
            "properties": {
              "overrideid": "data-saved",
              "name": "",
              "documentation": "",
              "executionlisteners": "",
              "signalref": ""
            },
            "stencil": {
              "id": "CatchSignalEvent"
            },
            "childShapes": [],
            "outgoing": [
              {
                "resourceId": "sid-6498F9EC-95B2-47D9-9AE9-866B9D9CE57D"
              }
            ],
            "bounds": {
              "lowerRight": {
                "x": 170,
                "y": 179.71911551287803
              },
              "upperLeft": {
                "x": 140,
                "y": 149.71911551287803
              }
            },
            "dockers": [
              {
                "x": 155,
                "y": 164.71911551287803
              }
            ]
          },
          {
            "resourceId": "sid-132789F0-9984-4380-92B8-18357809336F",
            "properties": {
              "overrideid": "",
              "name": "",
              "documentation": "",
              "asynchronousdefinition": "false",
              "exclusivedefinition": "false",
              "sequencefloworder": ""
            },
            "stencil": {
              "id": "ParallelGateway"
            },
            "childShapes": [],
            "outgoing": [
              {
                "resourceId": "sid-E374FB33-EC4F-4C4C-B02A-E5558F8CD02A"
              }
            ],
            "bounds": {
              "lowerRight": {
                "x": 255,
                "y": 130
              },
              "upperLeft": {
                "x": 215,
                "y": 90
              }
            },
            "dockers": []
          },
          {
            "resourceId": "sid-AFA1ABD1-E5AA-4354-A49F-A54ECA044632",
            "properties": {
              "overrideid": "",
              "name": "",
              "documentation": "",
              "executionlisteners": ""
            },
            "stencil": {
              "id": "EndNoneEvent"
            },
            "childShapes": [],
            "outgoing": [],
            "bounds": {
              "lowerRight": {
                "x": 333,
                "y": 124
              },
              "upperLeft": {
                "x": 305,
                "y": 96
              }
            },
            "dockers": []
          },
          {
            "resourceId": "sid-EF5D2F85-2CB8-444F-8415-085255468A0B",
            "properties": {
              "overrideid": "",
              "name": "",
              "documentation": "",
              "executionlisteners": "",
              "initiator": "",
              "formkeydefinition": "",
              "formreference": "",
              "formproperties": ""
            },
            "stencil": {
              "id": "StartNoneEvent"
            },
            "childShapes": [],
            "outgoing": [
              {
                "resourceId": "sid-3A1DD15D-DEB5-408D-9B9F-1A04C9AB5AEE"
              }
            ],
            "bounds": {
              "lowerRight": {
                "x": 50,
                "y": 119.5
              },
              "upperLeft": {
                "x": 20,
                "y": 89.5
              }
            },
            "dockers": []
          }
        ],
        "outgoing": [
          {
            "resourceId": "sid-8DD415BA-992E-40CE-A44B-17CFB9D61307"
          },
          {
            "resourceId": "sid-7DC82C3E-FB1D-40A4-9052-5EFEBAB7FB2A"
          }
        ],
        "bounds": {
          "lowerRight": {
            "x": 884,
            "y": 552
          },
          "upperLeft": {
            "x": 525,
            "y": 345
          }
        },
        "dockers": []
      },
      {
        "resourceId": "sid-8DD415BA-992E-40CE-A44B-17CFB9D61307",
        "properties": {
          "overrideid": "",
          "name": "",
          "documentation": "",
          "conditionsequenceflow": "",
          "executionlisteners": "",
          "defaultflow": "false",
          "skipexpression": ""
        },
        "stencil": {
          "id": "SequenceFlow"
        },
        "childShapes": [],
        "outgoing": [
          {
            "resourceId": "sid-CC9D3AE0-55CC-49D4-BFCE-C5FA15DB5CD1"
          }
        ],
        "bounds": {
          "lowerRight": {
            "x": 969.5,
            "y": 448.5
          },
          "upperLeft": {
            "x": 804.1621483899582,
            "y": 224
          }
        },
        "dockers": [
          {
            "x": 179.5,
            "y": 103.5
          },
          {
            "x": 969.5,
            "y": 448.5
          },
          {
            "x": 969.5,
            "y": 224
          },
          {
            "x": 14,
            "y": 14
          }
        ],
        "target": {
          "resourceId": "sid-CC9D3AE0-55CC-49D4-BFCE-C5FA15DB5CD1"
        }
      },
      {
        "resourceId": "sid-B0F4415E-2808-4A3B-B809-07BC8F6D8191",
        "properties": {
          "overrideid": "",
          "name": "",
          "documentation": "",
          "conditionsequenceflow": "",
          "executionlisteners": "",
          "defaultflow": "false",
          "skipexpression": ""
        },
        "stencil": {
          "id": "SequenceFlow"
        },
        "childShapes": [],
        "outgoing": [
          {
            "resourceId": "sid-874DA17A-573E-4258-AB8A-C9028E5DE2E4"
          }
        ],
        "bounds": {
          "lowerRight": {
            "x": 671.420238266647,
            "y": 436.18465968942195
          },
          "upperLeft": {
            "x": 649.079761733353,
            "y": 402.81534031057805
          }
        },
        "dockers": [
          {
            "x": 20.5,
            "y": 20.5
          },
          {
            "x": 15,
            "y": 15
          }
        ],
        "target": {
          "resourceId": "sid-874DA17A-573E-4258-AB8A-C9028E5DE2E4"
        }
      },
      {
        "resourceId": "sid-21A2C777-0D48-4760-9CC6-B9A456733BCD",
        "properties": {
          "overrideid": "",
          "name": "",
          "documentation": "",
          "conditionsequenceflow": "",
          "executionlisteners": "",
          "defaultflow": "false",
          "skipexpression": ""
        },
        "stencil": {
          "id": "SequenceFlow"
        },
        "childShapes": [],
        "outgoing": [
          {
            "resourceId": "sid-0A9C5DA9-3FF7-4DAF-A4D6-2F35E960ED45"
          }
        ],
        "bounds": {
          "lowerRight": {
            "x": 671.431258052852,
            "y": 496.54730710556345
          },
          "upperLeft": {
            "x": 648.451554447148,
            "y": 461.22307222742586
          }
        },
        "dockers": [
          {
            "x": 20.5,
            "y": 20.5
          },
          {
            "x": 15,
            "y": 15
          }
        ],
        "target": {
          "resourceId": "sid-0A9C5DA9-3FF7-4DAF-A4D6-2F35E960ED45"
        }
      },
      {
        "resourceId": "sid-6498F9EC-95B2-47D9-9AE9-866B9D9CE57D",
        "properties": {
          "overrideid": "",
          "name": "",
          "documentation": "",
          "conditionsequenceflow": "",
          "executionlisteners": "",
          "defaultflow": "false",
          "skipexpression": ""
        },
        "stencil": {
          "id": "SequenceFlow"
        },
        "childShapes": [],
        "outgoing": [
          {
            "resourceId": "sid-132789F0-9984-4380-92B8-18357809336F"
          }
        ],
        "bounds": {
          "lowerRight": {
            "x": 747.9246075133676,
            "y": 501.0321874686915
          },
          "upperLeft": {
            "x": 692.7003924866324,
            "y": 463.2594349542422
          }
        },
        "dockers": [
          {
            "x": 15,
            "y": 15
          },
          {
            "x": 20,
            "y": 20
          }
        ],
        "target": {
          "resourceId": "sid-132789F0-9984-4380-92B8-18357809336F"
        }
      },
      {
        "resourceId": "sid-E374FB33-EC4F-4C4C-B02A-E5558F8CD02A",
        "properties": {
          "overrideid": "",
          "name": "",
          "documentation": "",
          "conditionsequenceflow": "",
          "executionlisteners": "",
          "defaultflow": "false",
          "skipexpression": ""
        },
        "stencil": {
          "id": "SequenceFlow"
        },
        "childShapes": [],
        "outgoing": [
          {
            "resourceId": "sid-AFA1ABD1-E5AA-4354-A49F-A54ECA044632"
          }
        ],
        "bounds": {
          "lowerRight": {
            "x": 829.9531429277333,
            "y": 455.3807308333996
          },
          "upperLeft": {
            "x": 780.4179508222667,
            "y": 455.0841129166004
          }
        },
        "dockers": [
          {
            "x": 20.5,
            "y": 20.5
          },
          {
            "x": 14,
            "y": 14
          }
        ],
        "target": {
          "resourceId": "sid-AFA1ABD1-E5AA-4354-A49F-A54ECA044632"
        }
      },
      {
        "resourceId": "sid-3A1DD15D-DEB5-408D-9B9F-1A04C9AB5AEE",
        "properties": {
          "overrideid": "",
          "name": "",
          "documentation": "",
          "conditionsequenceflow": "",
          "executionlisteners": "",
          "defaultflow": "false",
          "skipexpression": ""
        },
        "stencil": {
          "id": "SequenceFlow"
        },
        "childShapes": [],
        "outgoing": [
          {
            "resourceId": "sid-51706E92-2FD1-440E-8426-757724E11D82"
          }
        ],
        "bounds": {
          "lowerRight": {
            "x": 620.2500781158459,
            "y": 449.3078134764481
          },
          "upperLeft": {
            "x": 575.3749218841541,
            "y": 448.7468740235519
          }
        },
        "dockers": [
          {
            "x": 15,
            "y": 15
          },
          {
            "x": 20,
            "y": 20
          }
        ],
        "target": {
          "resourceId": "sid-51706E92-2FD1-440E-8426-757724E11D82"
        }
      },
      {
        "resourceId": "sid-3C3E088C-D693-4AA3-9ABD-6A1779861B89",
        "properties": {
          "overrideid": "",
          "name": "",
          "documentation": "",
          "conditionsequenceflow": "",
          "executionlisteners": "",
          "defaultflow": "false",
          "skipexpression": "",
          "showdiamondmarker": false
        },
        "stencil": {
          "id": "SequenceFlow"
        },
        "childShapes": [],
        "outgoing": [
          {
            "resourceId": "sid-132789F0-9984-4380-92B8-18357809336F"
          }
        ],
        "bounds": {
          "lowerRight": {
            "x": 749.0329220479928,
            "y": 446.16964464774566
          },
          "upperLeft": {
            "x": 692.0959842020072,
            "y": 399.84207410225434
          }
        },
        "dockers": [
          {
            "x": 15,
            "y": 15
          },
          {
            "x": 20.5,
            "y": 20.5
          }
        ],
        "target": {
          "resourceId": "sid-132789F0-9984-4380-92B8-18357809336F"
        }
      },
      {
        "resourceId": "sid-DAF24992-FB36-4C1C-990B-785E6F04C3F9",
        "properties": {
          "overrideid": "",
          "name": "Client Validation",
          "documentation": "",
          "asynchronousdefinition": "false",
          "exclusivedefinition": "false",
          "executionlisteners": "",
          "multiinstance_type": "None",
          "multiinstance_cardinality": "",
          "multiinstance_collection": "",
          "multiinstance_variable": "",
          "multiinstance_condition": "",
          "isforcompensation": "false",
          "decisiontaskdecisiontablereference": {
            "id": "bcc7b859-5ced-11e8-a907-4656b98e6228",
            "name": "Client Validation",
            "key": "client_validation_table"
          },
          "decisiontaskthrowerroronnohits": "false"
        },
        "stencil": {
          "id": "DecisionTask"
        },
        "childShapes": [],
        "outgoing": [
          {
            "resourceId": "sid-BF73630F-4C0C-4D42-A399-B485D5FC1E0A"
          }
        ],
        "bounds": {
          "lowerRight": {
            "x": 295,
            "y": 380
          },
          "upperLeft": {
            "x": 174,
            "y": 301
          }
        },
        "dockers": []
      },
      {
        "resourceId": "sid-E7B075A3-B96E-4031-804A-C9D635229778",
        "properties": {
          "overrideid": "",
          "name": "",
          "documentation": "",
          "asynchronousdefinition": "false",
          "exclusivedefinition": "false",
          "sequencefloworder": ""
        },
        "stencil": {
          "id": "ExclusiveGateway"
        },
        "childShapes": [],
        "outgoing": [
          {
            "resourceId": "sid-42AD310C-E586-4BB5-B237-5536167B28B3"
          },
          {
            "resourceId": "sid-121EF647-223B-404E-A282-E74AA7C4B249"
          }
        ],
        "bounds": {
          "lowerRight": {
            "x": 430,
            "y": 244
          },
          "upperLeft": {
            "x": 390,
            "y": 204
          }
        },
        "dockers": []
      },
      {
        "resourceId": "sid-7DC82C3E-FB1D-40A4-9052-5EFEBAB7FB2A",
        "properties": {
          "overrideid": "",
          "name": "",
          "documentation": "",
          "timercycledefinition": "",
          "timerdatedefinition": "",
          "timerdurationdefinition": "PT3M",
          "timerenddatedefinition": "",
          "cancelactivity": true
        },
        "stencil": {
          "id": "BoundaryTimerEvent"
        },
        "childShapes": [],
        "outgoing": [
          {
            "resourceId": "sid-4F01CD9C-68A2-42EE-8DC1-9428521614C6"
          }
        ],
        "bounds": {
          "lowerRight": {
            "x": 805.3270463621491,
            "y": 360.05614352247295
          },
          "upperLeft": {
            "x": 774.3270463621491,
            "y": 329.05614352247295
          }
        },
        "dockers": [
          {
            "x": 262,
            "y": 3
          }
        ]
      },
      {
        "resourceId": "sid-4F01CD9C-68A2-42EE-8DC1-9428521614C6",
        "properties": {
          "overrideid": "",
          "name": "",
          "documentation": "",
          "conditionsequenceflow": "",
          "executionlisteners": "",
          "defaultflow": "false",
          "skipexpression": "",
          "showdiamondmarker": false
        },
        "stencil": {
          "id": "SequenceFlow"
        },
        "childShapes": [],
        "outgoing": [
          {
            "resourceId": "sid-CC9D3AE0-55CC-49D4-BFCE-C5FA15DB5CD1"
          }
        ],
        "bounds": {
          "lowerRight": {
            "x": 790.2643223324241,
            "y": 329.8698852330748
          },
          "upperLeft": {
            "x": 789.8858641418741,
            "y": 238.2405071681288
          }
        },
        "dockers": [
          {
            "x": 16,
            "y": 15.999999999999998
          },
          {
            "x": 14,
            "y": 14
          }
        ],
        "target": {
          "resourceId": "sid-CC9D3AE0-55CC-49D4-BFCE-C5FA15DB5CD1"
        }
      },
      {
        "resourceId": "sid-BF73630F-4C0C-4D42-A399-B485D5FC1E0A",
        "properties": {
          "overrideid": "",
          "name": "",
          "documentation": "",
          "conditionsequenceflow": "",
          "executionlisteners": "",
          "defaultflow": "false",
          "skipexpression": "",
          "showdiamondmarker": false
        },
        "stencil": {
          "id": "SequenceFlow"
        },
        "childShapes": [],
        "outgoing": [
          {
            "resourceId": "sid-E7B075A3-B96E-4031-804A-C9D635229778"
          }
        ],
        "bounds": {
          "lowerRight": {
            "x": 410.5,
            "y": 340.5
          },
          "upperLeft": {
            "x": 296,
            "y": 244.837890625
          }
        },
        "dockers": [
          {
            "x": 60.5,
            "y": 39.5
          },
          {
            "x": 410.5,
            "y": 340.5
          },
          {
            "x": 20.5,
            "y": 17.53125
          }
        ],
        "target": {
          "resourceId": "sid-E7B075A3-B96E-4031-804A-C9D635229778"
        }
      },
      {
        "resourceId": "sid-42AD310C-E586-4BB5-B237-5536167B28B3",
        "properties": {
          "overrideid": "",
          "name": "Status approved?",
          "documentation": "",
          "conditionsequenceflow": {
            "expression": {
              "type": "static",
              "staticValue": "${status == \"approved\"}"
            }
          },
          "executionlisteners": "",
          "defaultflow": false,
          "skipexpression": ""
        },
        "stencil": {
          "id": "SequenceFlow"
        },
        "childShapes": [],
        "outgoing": [
          {
            "resourceId": "sid-29966534-081A-4B5A-9E1C-02D4BDDE24A4"
          }
        ],
        "bounds": {
          "lowerRight": {
            "x": 524.3828125,
            "y": 448.5
          },
          "upperLeft": {
            "x": 415.2357817574992,
            "y": 240.3330613982063
          }
        },
        "dockers": [
          {
            "x": 20.5,
            "y": 20.5
          },
          {
            "x": 477.5,
            "y": 448.5
          },
          {
            "x": 179.5,
            "y": 103.5
          }
        ],
        "target": {
          "resourceId": "sid-29966534-081A-4B5A-9E1C-02D4BDDE24A4"
        }
      },
      {
        "resourceId": "sid-967D937A-5676-4C4A-A0D1-358A6ABD7BB3",
        "properties": {
          "overrideid": "",
          "name": "",
          "documentation": "",
          "conditionsequenceflow": "",
          "executionlisteners": "",
          "defaultflow": "false",
          "skipexpression": "",
          "showdiamondmarker": false
        },
        "stencil": {
          "id": "SequenceFlow"
        },
        "childShapes": [],
        "outgoing": [
          {
            "resourceId": "sid-DAF24992-FB36-4C1C-990B-785E6F04C3F9"
          }
        ],
        "bounds": {
          "lowerRight": {
            "x": 173.541015625,
            "y": 340.5
          },
          "upperLeft": {
            "x": 60.8046875,
            "y": 340.5
          }
        },
        "dockers": [
          {
            "x": 15,
            "y": 15
          },
          {
            "x": 60.5,
            "y": 39.5
          }
        ],
        "target": {
          "resourceId": "sid-DAF24992-FB36-4C1C-990B-785E6F04C3F9"
        }
      },
      {
        "resourceId": "sid-121EF647-223B-404E-A282-E74AA7C4B249",
        "properties": {
          "overrideid": "",
          "name": "Status pending?",
          "documentation": "",
          "conditionsequenceflow": {
            "expression": {
              "type": "static",
              "staticValue": ""
            }
          },
          "executionlisteners": "",
          "defaultflow": true,
          "skipexpression": "",
          "showdiamondmarker": false
        },
        "stencil": {
          "id": "SequenceFlow"
        },
        "childShapes": [],
        "outgoing": [
          {
            "resourceId": "sid-CC9D3AE0-55CC-49D4-BFCE-C5FA15DB5CD1"
          }
        ],
        "bounds": {
          "lowerRight": {
            "x": 775.4913307572039,
            "y": 224.47329125236564
          },
          "upperLeft": {
            "x": 430.76270070435385,
            "y": 224.01889624763436
          }
        },
        "dockers": [
          {
            "x": 20.5,
            "y": 20.5
          },
          {
            "x": 14,
            "y": 14
          }
        ],
        "target": {
          "resourceId": "sid-CC9D3AE0-55CC-49D4-BFCE-C5FA15DB5CD1"
        }
      }
    ],
    "stencil": {
      "id": "BPMNDiagram"
    },
    "stencilset": {
      "namespace": "http://b3mn.org/stencilset/bpmn2.0#",
      "url": "../editor/stencilsets/bpmn2.0/bpmn2.0.json"
    }
  }
}